x,y,Prec
-77.9249984790825,2.4749992918775,259.671569824219
-77.8749984783375,2.4749992918775,262.970886230469
-77.8249984775925,2.4749992918775,288.274322509766
-77.7749984768475,2.4749992918775,
-77.7249984761025,2.4749992918775,328.999938964844
-77.6749984753575,2.4749992918775,357.064453125
-77.6249984746125,2.4749992918775,380.83203125
-77.5749984738675,2.4749992918775,385.031921386719
-77.5249984731225,2.4749992918775,401.064575195312
-77.4749984723775,2.4749992918775,382.557861328125
-77.4249984716325,2.4749992918775,389.90771484375
-77.3749984708875,2.4749992918775,385.011444091797
-77.3249984701425,2.4749992918775,392.749450683594
-77.2749984693975,2.4749992918775,379.463500976562
-77.2249984686525,2.4749992918775,406.986938476562
-77.1749984679075,2.4749992918775,392.015625
-77.1249984671625,2.4749992918775,373.552764892578
-77.0749984664175,2.4749992918775,
-77.0249984656725,2.4749992918775,340.28955078125
-76.9749984649275,2.4749992918775,372.460083007812
-76.9249984641825,2.4749992918775,375.414337158203
-76.8749984634375,2.4749992918775,372.838470458984
-76.8249984626925,2.4749992918775,347.167327880859
-76.7749984619475,2.4749992918775,
-76.7249984612025,2.4749992918775,372.287719726562
-76.6749984604575,2.4749992918775,388.984497070312
-76.6249984597125,2.4749992918775,391.405029296875
-76.5749984589675,2.4749992918775,361.695098876953
-77.9249984790825,2.4249992911325,266.958923339844
-77.8749984783375,2.4249992911325,285.728607177734
-77.8249984775925,2.4249992911325,
-77.7749984768475,2.4249992911325,304.791137695312
-77.7249984761025,2.4249992911325,315.55810546875
-77.6749984753575,2.4249992911325,344.655029296875
-77.6249984746125,2.4249992911325,366.756958007812
-77.5749984738675,2.4249992911325,384.939575195312
-77.5249984731225,2.4249992911325,391.717742919922
-77.4749984723775,2.4249992911325,
-77.4249984716325,2.4249992911325,358.376525878906
-77.3749984708875,2.4249992911325,358.941375732422
-77.3249984701425,2.4249992911325,372.6962890625
-77.2749984693975,2.4249992911325,374.925506591797
-77.2249984686525,2.4249992911325,394.500305175781
-77.1749984679075,2.4249992911325,366.271209716797
-77.1249984671625,2.4249992911325,345.5263671875
-77.0749984664175,2.4249992911325,319.241607666016
-77.0249984656725,2.4249992911325,311.260803222656
-76.9749984649275,2.4249992911325,352.724304199219
-76.9249984641825,2.4249992911325,359.333312988281
-76.8749984634375,2.4249992911325,338.583984375
-76.8249984626925,2.4249992911325,331.574890136719
-76.7749984619475,2.4249992911325,332.275054931641
-76.7249984612025,2.4249992911325,
-76.6749984604575,2.4249992911325,364.934509277344
-76.6249984597125,2.4249992911325,
-76.5749984589675,2.4249992911325,332.982238769531
-77.9249984790825,2.3749992903875,279.297241210938
-77.8749984783375,2.3749992903875,301.037506103516
-77.8249984775925,2.3749992903875,313.365509033203
-77.7749984768475,2.3749992903875,311.878723144531
-77.7249984761025,2.3749992903875,318.2509765625
-77.6749984753575,2.3749992903875,329.502288818359
-77.6249984746125,2.3749992903875,342.119140625
-77.5749984738675,2.3749992903875,358.382995605469
-77.5249984731225,2.3749992903875,373.207550048828
-77.4749984723775,2.3749992903875,355.761596679688
-77.4249984716325,2.3749992903875,349.770874023438
-77.3749984708875,2.3749992903875,
-77.3249984701425,2.3749992903875,355.466613769531
-77.2749984693975,2.3749992903875,348.362426757812
-77.2249984686525,2.3749992903875,378.669525146484
-77.1749984679075,2.3749992903875,353.681457519531
-77.1249984671625,2.3749992903875,
-77.0749984664175,2.3749992903875,322.859680175781
-77.0249984656725,2.3749992903875,306.312377929688
-76.9749984649275,2.3749992903875,351.226684570312
-76.9249984641825,2.3749992903875,338.078979492188
-76.8749984634375,2.3749992903875,346.644958496094
-76.8249984626925,2.3749992903875,344.978149414062
-76.7749984619475,2.3749992903875,344.888427734375
-76.7249984612025,2.3749992903875,353.789733886719
-76.6749984604575,2.3749992903875,360.424011230469
-76.6249984597125,2.3749992903875,344.013671875
-76.5749984589675,2.3749992903875,307.39501953125
-77.9249984790825,2.3249992896425,269.558410644531
-77.8749984783375,2.3249992896425,295.287536621094
-77.8249984775925,2.3249992896425,304.690551757812
-77.7749984768475,2.3249992896425,305.173492431641
-77.7249984761025,2.3249992896425,321.232391357422
-77.6749984753575,2.3249992896425,
-77.6249984746125,2.3249992896425,341.540557861328
-77.5749984738675,2.3249992896425,363.883087158203
-77.5249984731225,2.3249992896425,360.531066894531
-77.4749984723775,2.3249992896425,353.657989501953
-77.4249984716325,2.3249992896425,356.820861816406
-77.3749984708875,2.3249992896425,343.141632080078
-77.3249984701425,2.3249992896425,356.929077148438
-77.2749984693975,2.3249992896425,341.737762451172
-77.2249984686525,2.3249992896425,340.794372558594
-77.1749984679075,2.3249992896425,326.431396484375
-77.1249984671625,2.3249992896425,322.638702392578
-77.0749984664175,2.3249992896425,305.181640625
-77.0249984656725,2.3249992896425,280.720367431641
-76.9749984649275,2.3249992896425,330.36669921875
-76.9249984641825,2.3249992896425,
-76.8749984634375,2.3249992896425,336.033874511719
-76.8249984626925,2.3249992896425,334.125183105469
-76.7749984619475,2.3249992896425,323.687286376953
-76.7249984612025,2.3249992896425,366.051879882812
-76.6749984604575,2.3249992896425,363.5498046875
-76.6249984597125,2.3249992896425,337.834167480469
-76.5749984589675,2.3249992896425,291.881103515625
-77.9249984790825,2.2749992888975,268.604705810547
-77.8749984783375,2.2749992888975,296.518005371094
-77.8249984775925,2.2749992888975,305.109497070312
-77.7749984768475,2.2749992888975,319.286468505859
-77.7249984761025,2.2749992888975,316.626708984375
-77.6749984753575,2.2749992888975,
-77.6249984746125,2.2749992888975,336.551300048828
-77.5749984738675,2.2749992888975,355.655609130859
-77.5249984731225,2.2749992888975,349.081970214844
-77.4749984723775,2.2749992888975,333.046051025391
-77.4249984716325,2.2749992888975,314.89208984375
-77.3749984708875,2.2749992888975,322.76904296875
-77.3249984701425,2.2749992888975,338.316314697266
-77.2749984693975,2.2749992888975,316.242370605469
-77.2249984686525,2.2749992888975,309.974853515625
-77.1749984679075,2.2749992888975,308.761688232422
-77.1249984671625,2.2749992888975,307.603851318359
-77.0749984664175,2.2749992888975,286.280120849609
-77.0249984656725,2.2749992888975,274.285614013672
-76.9749984649275,2.2749992888975,309.230499267578
-76.9249984641825,2.2749992888975,
-76.8749984634375,2.2749992888975,319.386596679688
-76.8249984626925,2.2749992888975,326.17236328125
-76.7749984619475,2.2749992888975,328.897583007812
-76.7249984612025,2.2749992888975,410.469573974609
-76.6749984604575,2.2749992888975,415.444458007812
-76.6249984597125,2.2749992888975,364.479522705078
-76.5749984589675,2.2749992888975,280.233123779297
-77.9249984790825,2.2249992881525,284.112854003906
-77.8749984783375,2.2249992881525,306.789428710938
-77.8249984775925,2.2249992881525,319.136413574219
-77.7749984768475,2.2249992881525,346.775268554688
-77.7249984761025,2.2249992881525,
-77.6749984753575,2.2249992881525,353.149536132812
-77.6249984746125,2.2249992881525,359.3154296875
-77.5749984738675,2.2249992881525,358.766204833984
-77.5249984731225,2.2249992881525,353.939483642578
-77.4749984723775,2.2249992881525,348.653015136719
-77.4249984716325,2.2249992881525,343.303588867188
-77.3749984708875,2.2249992881525,320.329345703125
-77.3249984701425,2.2249992881525,335.462524414062
-77.2749984693975,2.2249992881525,306.103576660156
-77.2249984686525,2.2249992881525,308.360595703125
-77.1749984679075,2.2249992881525,295.127685546875
-77.1249984671625,2.2249992881525,
-77.0749984664175,2.2249992881525,297.489654541016
-77.0249984656725,2.2249992881525,277.855804443359
-76.9749984649275,2.2249992881525,286.533630371094
-76.9249984641825,2.2249992881525,301.3369140625
-76.8749984634375,2.2249992881525,299.381988525391
-76.8249984626925,2.2249992881525,341.416687011719
-76.7749984619475,2.2249992881525,354.118682861328
-76.7249984612025,2.2249992881525,406.061157226562
-76.6749984604575,2.2249992881525,436.486572265625
-76.6249984597125,2.2249992881525,342.98291015625
-76.5749984589675,2.2249992881525,265.224792480469
-77.9249984790825,2.1749992874075,
-77.8749984783375,2.1749992874075,303.556640625
-77.8249984775925,2.1749992874075,328.219909667969
-77.7749984768475,2.1749992874075,338.35205078125
-77.7249984761025,2.1749992874075,338.06298828125
-77.6749984753575,2.1749992874075,353.642272949219
-77.6249984746125,2.1749992874075,344.950164794922
-77.5749984738675,2.1749992874075,327.888580322266
-77.5249984731225,2.1749992874075,324.151824951172
-77.4749984723775,2.1749992874075,308.893005371094
-77.4249984716325,2.1749992874075,299.382965087891
-77.3749984708875,2.1749992874075,297.502380371094
-77.3249984701425,2.1749992874075,297.993743896484
-77.2749984693975,2.1749992874075,294.382385253906
-77.2249984686525,2.1749992874075,300.010833740234
-77.1749984679075,2.1749992874075,295.345550537109
-77.1249984671625,2.1749992874075,297.742553710938
-77.0749984664175,2.1749992874075,286.560882568359
-77.0249984656725,2.1749992874075,
-76.9749984649275,2.1749992874075,277.523101806641
-76.9249984641825,2.1749992874075,281.454650878906
-76.8749984634375,2.1749992874075,297.077453613281
-76.8249984626925,2.1749992874075,340.308868408203
-76.7749984619475,2.1749992874075,323.805877685547
-76.7249984612025,2.1749992874075,363.746185302734
-76.6749984604575,2.1749992874075,372.141387939453
-76.6249984597125,2.1749992874075,321.827545166016
-76.5749984589675,2.1749992874075,245.236907958984
-77.9249984790825,2.1249992866625,282.351959228516
-77.8749984783375,2.1249992866625,306.366455078125
-77.8249984775925,2.1249992866625,328.303314208984
-77.7749984768475,2.1249992866625,332.878570556641
-77.7249984761025,2.1249992866625,329.659851074219
-77.6749984753575,2.1249992866625,341.132019042969
-77.6249984746125,2.1249992866625,319.667663574219
-77.5749984738675,2.1249992866625,324.989685058594
-77.5249984731225,2.1249992866625,
-77.4749984723775,2.1249992866625,293.375549316406
-77.4249984716325,2.1249992866625,282.868255615234
-77.3749984708875,2.1249992866625,275.509155273438
-77.3249984701425,2.1249992866625,270.711456298828
-77.2749984693975,2.1249992866625,282.842041015625
-77.2249984686525,2.1249992866625,312.350769042969
-77.1749984679075,2.1249992866625,302.319030761719
-77.1249984671625,2.1249992866625,282.736938476562
-77.0749984664175,2.1249992866625,268.963745117188
-77.0249984656725,2.1249992866625,239.693817138672
-76.9749984649275,2.1249992866625,262.737152099609
-76.9249984641825,2.1249992866625,265.554321289062
-76.8749984634375,2.1249992866625,280.52392578125
-76.8249984626925,2.1249992866625,
-76.7749984619475,2.1249992866625,293.091857910156
-76.7249984612025,2.1249992866625,304.373962402344
-76.6749984604575,2.1249992866625,300.690734863281
-76.6249984597125,2.1249992866625,273.626770019531
-76.5749984589675,2.1249992866625,216.011535644531
-77.9249984790825,2.0749992859175,278.050842285156
-77.8749984783375,2.0749992859175,297.067260742188
-77.8249984775925,2.0749992859175,321.077972412109
-77.7749984768475,2.0749992859175,314.201141357422
-77.7249984761025,2.0749992859175,313.074645996094
-77.6749984753575,2.0749992859175,310.785919189453
-77.6249984746125,2.0749992859175,298.2529296875
-77.5749984738675,2.0749992859175,312.303192138672
-77.5249984731225,2.0749992859175,293.240112304688
-77.4749984723775,2.0749992859175,
-77.4249984716325,2.0749992859175,266.326782226562
-77.3749984708875,2.0749992859175,251.388122558594
-77.3249984701425,2.0749992859175,262.200164794922
-77.2749984693975,2.0749992859175,265.466369628906
-77.2249984686525,2.0749992859175,299.092803955078
-77.1749984679075,2.0749992859175,287.685455322266
-77.1249984671625,2.0749992859175,270.620239257812
-77.0749984664175,2.0749992859175,240.027008056641
-77.0249984656725,2.0749992859175,222.454971313477
-76.9749984649275,2.0749992859175,240.196670532227
-76.9249984641825,2.0749992859175,251.792297363281
-76.8749984634375,2.0749992859175,268.310302734375
-76.8249984626925,2.0749992859175,273.542938232422
-76.7749984619475,2.0749992859175,266.327392578125
-76.7249984612025,2.0749992859175,
-76.6749984604575,2.0749992859175,242.967437744141
-76.6249984597125,2.0749992859175,228.081756591797
-76.5749984589675,2.0749992859175,205.880783081055
-77.9249984790825,2.0249992851725,262.475982666016
-77.8749984783375,2.0249992851725,290.048614501953
-77.8249984775925,2.0249992851725,298.82568359375
-77.7749984768475,2.0249992851725,298.648162841797
-77.7249984761025,2.0249992851725,283.608764648438
-77.6749984753575,2.0249992851725,282.554565429688
-77.6249984746125,2.0249992851725,278.073486328125
-77.5749984738675,2.0249992851725,283.636291503906
-77.5249984731225,2.0249992851725,
-77.4749984723775,2.0249992851725,245.581619262695
-77.4249984716325,2.0249992851725,239.319610595703
-77.3749984708875,2.0249992851725,230.35920715332
-77.3249984701425,2.0249992851725,237.581024169922
-77.2749984693975,2.0249992851725,258.753112792969
-77.2249984686525,2.0249992851725,276.335540771484
-77.1749984679075,2.0249992851725,270.341247558594
-77.1249984671625,2.0249992851725,257.763275146484
-77.0749984664175,2.0249992851725,213.734710693359
-77.0249984656725,2.0249992851725,210.799743652344
-76.9749984649275,2.0249992851725,234.321029663086
-76.9249984641825,2.0249992851725,246.486663818359
-76.8749984634375,2.0249992851725,238.144821166992
-76.8249984626925,2.0249992851725,259.246185302734
-76.7749984619475,2.0249992851725,241.38215637207
-76.7249984612025,2.0249992851725,218.773208618164
-76.6749984604575,2.0249992851725,203.720916748047
-76.6249984597125,2.0249992851725,
-76.5749984589675,2.0249992851725,193.748504638672
-77.9249984790825,1.9749992844275,283.917572021484
-77.8749984783375,1.9749992844275,300.205017089844
-77.8249984775925,1.9749992844275,316.486389160156
-77.7749984768475,1.9749992844275,305.796234130859
-77.7249984761025,1.9749992844275,303.651611328125
-77.6749984753575,1.9749992844275,288.631774902344
-77.6249984746125,1.9749992844275,271.229431152344
-77.5749984738675,1.9749992844275,270.050628662109
-77.5249984731225,1.9749992844275,259.697967529297
-77.4749984723775,1.9749992844275,258.953430175781
-77.4249984716325,1.9749992844275,253.847320556641
-77.3749984708875,1.9749992844275,234.647048950195
-77.3249984701425,1.9749992844275,244.912445068359
-77.2749984693975,1.9749992844275,
-77.2249984686525,1.9749992844275,268.086212158203
-77.1749984679075,1.9749992844275,264.024536132812
-77.1249984671625,1.9749992844275,246.072052001953
-77.0749984664175,1.9749992844275,225.327484130859
-77.0249984656725,1.9749992844275,230.681076049805
-76.9749984649275,1.9749992844275,263.168029785156
-76.9249984641825,1.9749992844275,280.378540039062
-76.8749984634375,1.9749992844275,248.202346801758
-76.8249984626925,1.9749992844275,244.955657958984
-76.7749984619475,1.9749992844275,220.416976928711
-76.7249984612025,1.9749992844275,212.48908996582
-76.6749984604575,1.9749992844275,195.245239257812
-76.6249984597125,1.9749992844275,
-76.5749984589675,1.9749992844275,189.960418701172
-77.9249984790825,1.9249992836825,278.096099853516
-77.8749984783375,1.9249992836825,280.046417236328
-77.8249984775925,1.9249992836825,279.203948974609
-77.7749984768475,1.9249992836825,278.391357421875
-77.7249984761025,1.9249992836825,276.296936035156
-77.6749984753575,1.9249992836825,254.268890380859
-77.6249984746125,1.9249992836825,
-77.5749984738675,1.9249992836825,239.252197265625
-77.5249984731225,1.9249992836825,226.038024902344
-77.4749984723775,1.9249992836825,226.424743652344
-77.4249984716325,1.9249992836825,221.933929443359
-77.3749984708875,1.9249992836825,219.431045532227
-77.3249984701425,1.9249992836825,227.939239501953
-77.2749984693975,1.9249992836825,232.495452880859
-77.2249984686525,1.9249992836825,232.200988769531
-77.1749984679075,1.9249992836825,
-77.1249984671625,1.9249992836825,219.947326660156
-77.0749984664175,1.9249992836825,201.292114257812
-77.0249984656725,1.9249992836825,211.855163574219
-76.9749984649275,1.9249992836825,266.688293457031
-76.9249984641825,1.9249992836825,282.773651123047
-76.8749984634375,1.9249992836825,255.817779541016
-76.8249984626925,1.9249992836825,
-76.7749984619475,1.9249992836825,
-76.7249984612025,1.9249992836825,186.224411010742
-76.6749984604575,1.9249992836825,178.122451782227
-76.6249984597125,1.9249992836825,164.655944824219
-76.5749984589675,1.9249992836825,165.848571777344
-77.9249984790825,1.8749992829375,264.642211914062
-77.8749984783375,1.8749992829375,
-77.8249984775925,1.8749992829375,256.833618164062
-77.7749984768475,1.8749992829375,257.135131835938
-77.7249984761025,1.8749992829375,259.923126220703
-77.6749984753575,1.8749992829375,242.649200439453
-77.6249984746125,1.8749992829375,239.628143310547
-77.5749984738675,1.8749992829375,
-77.5249984731225,1.8749992829375,206.21794128418
-77.4749984723775,1.8749992829375,212.274032592773
-77.4249984716325,1.8749992829375,201.882507324219
-77.3749984708875,1.8749992829375,197.466400146484
-77.3249984701425,1.8749992829375,201.718521118164
-77.2749984693975,1.8749992829375,
-77.2249984686525,1.8749992829375,189.472518920898
-77.1749984679075,1.8749992829375,187.402069091797
-77.1249984671625,1.8749992829375,195.189651489258
-77.0749984664175,1.8749992829375,194.545822143555
-77.0249984656725,1.8749992829375,214.310165405273
-76.9749984649275,1.8749992829375,261.254180908203
-76.9249984641825,1.8749992829375,279.015625
-76.8749984634375,1.8749992829375,236.060333251953
-76.8249984626925,1.8749992829375,
-76.7749984619475,1.8749992829375,177.239318847656
-76.7249984612025,1.8749992829375,171.149139404297
-76.6749984604575,1.8749992829375,169.644927978516
-76.6249984597125,1.8749992829375,155.802749633789
-76.5749984589675,1.8749992829375,157.732376098633
-77.9249984790825,1.8249992821925,250.293975830078
-77.8749984783375,1.8249992821925,254.440231323242
-77.8249984775925,1.8249992821925,248.123733520508
-77.7749984768475,1.8249992821925,
-77.7249984761025,1.8249992821925,248.845764160156
-77.6749984753575,1.8249992821925,243.646789550781
-77.6249984746125,1.8249992821925,234.738677978516
-77.5749984738675,1.8249992821925,226.333343505859
-77.5249984731225,1.8249992821925,201.545516967773
-77.4749984723775,1.8249992821925,197.518646240234
-77.4249984716325,1.8249992821925,191.291427612305
-77.3749984708875,1.8249992821925,174.43766784668
-77.3249984701425,1.8249992821925,
-77.2749984693975,1.8249992821925,181.840759277344
-77.2249984686525,1.8249992821925,184.152084350586
-77.1749984679075,1.8249992821925,182.351791381836
-77.1249984671625,1.8249992821925,193.495361328125
-77.0749984664175,1.8249992821925,196.720474243164
-77.0249984656725,1.8249992821925,
-76.9749984649275,1.8249992821925,246.75114440918
-76.9249984641825,1.8249992821925,248.572967529297
-76.8749984634375,1.8249992821925,224.743637084961
-76.8249984626925,1.8249992821925,208.943878173828
-76.7749984619475,1.8249992821925,190.963485717773
-76.7249984612025,1.8249992821925,180.74919128418
-76.6749984604575,1.8249992821925,161.714294433594
-76.6249984597125,1.8249992821925,149.288330078125
-76.5749984589675,1.8249992821925,146.007385253906
-77.9249984790825,1.7749992814475,
-77.8749984783375,1.7749992814475,236.690353393555
-77.8249984775925,1.7749992814475,246.858337402344
-77.7749984768475,1.7749992814475,247.180786132812
-77.7249984761025,1.7749992814475,233.007476806641
-77.6749984753575,1.7749992814475,214.158782958984
-77.6249984746125,1.7749992814475,
-77.5749984738675,1.7749992814475,199.026092529297
-77.5249984731225,1.7749992814475,173.25993347168
-77.4749984723775,1.7749992814475,171.496444702148
-77.4249984716325,1.7749992814475,153.758880615234
-77.3749984708875,1.7749992814475,159.582611083984
-77.3249984701425,1.7749992814475,162.332153320312
-77.2749984693975,1.7749992814475,
-77.2249984686525,1.7749992814475,166.872360229492
-77.1749984679075,1.7749992814475,176.602249145508
-77.1249984671625,1.7749992814475,184.957977294922
-77.0749984664175,1.7749992814475,184.502746582031
-77.0249984656725,1.7749992814475,
-76.9749984649275,1.7749992814475,209.476501464844
-76.9249984641825,1.7749992814475,229.323760986328
-76.8749984634375,1.7749992814475,213.134490966797
-76.8249984626925,1.7749992814475,194.375396728516
-76.7749984619475,1.7749992814475,168.570068359375
-76.7249984612025,1.7749992814475,168.673141479492
-76.6749984604575,1.7749992814475,152.544860839844
-76.6249984597125,1.7749992814475,143.483383178711
-76.5749984589675,1.7749992814475,
-77.9249984790825,1.7249992807025,244.692230224609
-77.8749984783375,1.7249992807025,250.930786132812
-77.8249984775925,1.7249992807025,235.371307373047
-77.7749984768475,1.7249992807025,237.548004150391
-77.7249984761025,1.7249992807025,239.686767578125
-77.6749984753575,1.7249992807025,
-77.6249984746125,1.7249992807025,205.220397949219
-77.5749984738675,1.7249992807025,194.401062011719
-77.5249984731225,1.7249992807025,
-77.4749984723775,1.7249992807025,165.142227172852
-77.4249984716325,1.7249992807025,153.358779907227
-77.3749984708875,1.7249992807025,156.736770629883
-77.3249984701425,1.7249992807025,159.100509643555
-77.2749984693975,1.7249992807025,162.246673583984
-77.2249984686525,1.7249992807025,
-77.1749984679075,1.7249992807025,204.19677734375
-77.1249984671625,1.7249992807025,221.471618652344
-77.0749984664175,1.7249992807025,206.827285766602
-77.0249984656725,1.7249992807025,201.941207885742
-76.9749984649275,1.7249992807025,212.554153442383
-76.9249984641825,1.7249992807025,
-76.8749984634375,1.7249992807025,220.1787109375
-76.8249984626925,1.7249992807025,211.425750732422
-76.7749984619475,1.7249992807025,189.206695556641
-76.7249984612025,1.7249992807025,182.263076782227
-76.6749984604575,1.7249992807025,171.325576782227
-76.6249984597125,1.7249992807025,
-76.5749984589675,1.7249992807025,158.233917236328
-77.9249984790825,1.6749992799575,225.89924621582
-77.8749984783375,1.6749992799575,239.969696044922
-77.8249984775925,1.6749992799575,226.109649658203
-77.7749984768475,1.6749992799575,223.438018798828
-77.7249984761025,1.6749992799575,214.089691162109
-77.6749984753575,1.6749992799575,
-77.6249984746125,1.6749992799575,208.541015625
-77.5749984738675,1.6749992799575,187.578735351562
-77.5249984731225,1.6749992799575,180.976699829102
-77.4749984723775,1.6749992799575,167.637680053711
-77.4249984716325,1.6749992799575,
-77.3749984708875,1.6749992799575,144.058715820312
-77.3249984701425,1.6749992799575,156.865264892578
-77.2749984693975,1.6749992799575,169.245361328125
-77.2249984686525,1.6749992799575,
-77.1749984679075,1.6749992799575,220.016098022461
-77.1249984671625,1.6749992799575,234.865570068359
-77.0749984664175,1.6749992799575,222.085525512695
-77.0249984656725,1.6749992799575,216.394149780273
-76.9749984649275,1.6749992799575,225.023391723633
-76.9249984641825,1.6749992799575,
-76.8749984634375,1.6749992799575,207.947326660156
-76.8249984626925,1.6749992799575,206.826370239258
-76.7749984619475,1.6749992799575,
-76.7249984612025,1.6749992799575,191.92692565918
-76.6749984604575,1.6749992799575,178.409851074219
-76.6249984597125,1.6749992799575,164.915786743164
-76.5749984589675,1.6749992799575,160.571960449219
-77.9249984790825,1.6249992792125,222.287826538086
-77.8749984783375,1.6249992792125,219.952392578125
-77.8249984775925,1.6249992792125,216.212249755859
-77.7749984768475,1.6249992792125,216.846954345703
-77.7249984761025,1.6249992792125,194.300872802734
-77.6749984753575,1.6249992792125,
-77.6249984746125,1.6249992792125,186.421417236328
-77.5749984738675,1.6249992792125,175.8603515625
-77.5249984731225,1.6249992792125,170.425582885742
-77.4749984723775,1.6249992792125,
-77.4249984716325,1.6249992792125,138.340576171875
-77.3749984708875,1.6249992792125,130.840240478516
-77.3249984701425,1.6249992792125,147.824035644531
-77.2749984693975,1.6249992792125,161.900726318359
-77.2249984686525,1.6249992792125,189.431640625
-77.1749984679075,1.6249992792125,211.167633056641
-77.1249984671625,1.6249992792125,
-77.0749984664175,1.6249992792125,251.157653808594
-77.0249984656725,1.6249992792125,231.891876220703
-76.9749984649275,1.6249992792125,
-76.9249984641825,1.6249992792125,217.886352539062
-76.8749984634375,1.6249992792125,221.172821044922
-76.8249984626925,1.6249992792125,206.46826171875
-76.7749984619475,1.6249992792125,196.624450683594
-76.7249984612025,1.6249992792125,199.24934387207
-76.6749984604575,1.6249992792125,176.951583862305
-76.6249984597125,1.6249992792125,173.111892700195
-76.5749984589675,1.6249992792125,157.807678222656
-77.9249984790825,1.5749992784675,197.72737121582
-77.8749984783375,1.5749992784675,
-77.8249984775925,1.5749992784675,186.839172363281
-77.7749984768475,1.5749992784675,182.861450195312
-77.7249984761025,1.5749992784675,177.5439453125
-77.6749984753575,1.5749992784675,
-77.6249984746125,1.5749992784675,170.9794921875
-77.5749984738675,1.5749992784675,158.5068359375
-77.5249984731225,1.5749992784675,153.359512329102
-77.4749984723775,1.5749992784675,138.397094726562
-77.4249984716325,1.5749992784675,125.51708984375
-77.3749984708875,1.5749992784675,121.557022094727
-77.3249984701425,1.5749992784675,
-77.2749984693975,1.5749992784675,147.149200439453
-77.2249984686525,1.5749992784675,169.2861328125
-77.1749984679075,1.5749992784675,195.076065063477
-77.1249984671625,1.5749992784675,233.664093017578
-77.0749984664175,1.5749992784675,245.829833984375
-77.0249984656725,1.5749992784675,
-76.9749984649275,1.5749992784675,229.397476196289
-76.9249984641825,1.5749992784675,214.41960144043
-76.8749984634375,1.5749992784675,229.019897460938
-76.8249984626925,1.5749992784675,
-76.7749984619475,1.5749992784675,198.212341308594
-76.7249984612025,1.5749992784675,196.013809204102
-76.6749984604575,1.5749992784675,179.566528320312
-76.6249984597125,1.5749992784675,165.277481079102
-76.5749984589675,1.5749992784675,151.23518371582
-77.9249984790825,1.5249992777225,
-77.8749984783375,1.5249992777225,203.516204833984
-77.8249984775925,1.5249992777225,177.595504760742
-77.7749984768475,1.5249992777225,170.429748535156
-77.7249984761025,1.5249992777225,174.674667358398
-77.6749984753575,1.5249992777225,159.015335083008
-77.6249984746125,1.5249992777225,167.871368408203
-77.5749984738675,1.5249992777225,156.341903686523
-77.5249984731225,1.5249992777225,
-77.4749984723775,1.5249992777225,133.812042236328
-77.4249984716325,1.5249992777225,122.903350830078
-77.3749984708875,1.5249992777225,
-77.3249984701425,1.5249992777225,139.222045898438
-77.2749984693975,1.5249992777225,149.090057373047
-77.2249984686525,1.5249992777225,147.908905029297
-77.1749984679075,1.5249992777225,
-77.1249984671625,1.5249992777225,190.995651245117
-77.0749984664175,1.5249992777225,213.693832397461
-77.0249984656725,1.5249992777225,210.473678588867
-76.9749984649275,1.5249992777225,
-76.9249984641825,1.5249992777225,206.572296142578
-76.8749984634375,1.5249992777225,
-76.8249984626925,1.5249992777225,201.343414306641
-76.7749984619475,1.5249992777225,191.488098144531
-76.7249984612025,1.5249992777225,186.956359863281
-76.6749984604575,1.5249992777225,161.629928588867
-76.6249984597125,1.5249992777225,150.360656738281
-76.5749984589675,1.5249992777225,141.718765258789
-77.9249984790825,1.4749992769775,
-77.8749984783375,1.4749992769775,211.695526123047
-77.8249984775925,1.4749992769775,
-77.7749984768475,1.4749992769775,171.471984863281
-77.7249984761025,1.4749992769775,188.636413574219
-77.6749984753575,1.4749992769775,157.809631347656
-77.6249984746125,1.4749992769775,173.090881347656
-77.5749984738675,1.4749992769775,
-77.5249984731225,1.4749992769775,134.372512817383
-77.4749984723775,1.4749992769775,133.975921630859
-77.4249984716325,1.4749992769775,128.098403930664
-77.3749984708875,1.4749992769775,
-77.3249984701425,1.4749992769775,154.757751464844
-77.2749984693975,1.4749992769775,157.391967773438
-77.2249984686525,1.4749992769775,137.834075927734
-77.1749984679075,1.4749992769775,135.889022827148
-77.1249984671625,1.4749992769775,
-77.0749984664175,1.4749992769775,195.355651855469
-77.0249984656725,1.4749992769775,214.810165405273
-76.9749984649275,1.4749992769775,225.258895874023
-76.9249984641825,1.4749992769775,224.974975585938
-76.8749984634375,1.4749992769775,
-76.8249984626925,1.4749992769775,204.941955566406
-76.7749984619475,1.4749992769775,195.465179443359
-76.7249984612025,1.4749992769775,193.066543579102
-76.6749984604575,1.4749992769775,172.415649414062
-76.6249984597125,1.4749992769775,161.521377563477
-76.5749984589675,1.4749992769775,
-77.9249984790825,1.4249992762325,204.735488891602
-77.8749984783375,1.4249992762325,182.596435546875
-77.8249984775925,1.4249992762325,169.409484863281
-77.7749984768475,1.4249992762325,
-77.7249984761025,1.4249992762325,160.949935913086
-77.6749984753575,1.4249992762325,150.128814697266
-77.6249984746125,1.4249992762325,152.621383666992
-77.5749984738675,1.4249992762325,
-77.5249984731225,1.4249992762325,121.252197265625
-77.4749984723775,1.4249992762325,130.680053710938
-77.4249984716325,1.4249992762325,126.849060058594
-77.3749984708875,1.4249992762325,
-77.3249984701425,1.4249992762325,143.464324951172
-77.2749984693975,1.4249992762325,145.339233398438
-77.2249984686525,1.4249992762325,159.169830322266
-77.1749984679075,1.4249992762325,
-77.1249984671625,1.4249992762325,159.607147216797
-77.0749984664175,1.4249992762325,165.186798095703
-77.0249984656725,1.4249992762325,
-76.9749984649275,1.4249992762325,181.819793701172
-76.9249984641825,1.4249992762325,181.941345214844
-76.8749984634375,1.4249992762325,182.712738037109
-76.8249984626925,1.4249992762325,173.876892089844
-76.7749984619475,1.4249992762325,
-76.7249984612025,1.4249992762325,177.642852783203
-76.6749984604575,1.4249992762325,162.243865966797
-76.6249984597125,1.4249992762325,
-76.5749984589675,1.4249992762325,169.445068359375
-77.9249984790825,1.3749992754875,203.0029296875
-77.8749984783375,1.3749992754875,
-77.8249984775925,1.3749992754875,174.868789672852
-77.7749984768475,1.3749992754875,
-77.7249984761025,1.3749992754875,168.156585693359
-77.6749984753575,1.3749992754875,149.90901184082
-77.6249984746125,1.3749992754875,153.835433959961
-77.5749984738675,1.3749992754875,142.572036743164
-77.5249984731225,1.3749992754875,
-77.4749984723775,1.3749992754875,136.023986816406
-77.4249984716325,1.3749992754875,137.69172668457
-77.3749984708875,1.3749992754875,132.429550170898
-77.3249984701425,1.3749992754875,
-77.2749984693975,1.3749992754875,141.998016357422
-77.2249984686525,1.3749992754875,150.533447265625
-77.1749984679075,1.3749992754875,
-77.1249984671625,1.3749992754875,146.433898925781
-77.0749984664175,1.3749992754875,155.236450195312
-77.0249984656725,1.3749992754875,162.960800170898
-76.9749984649275,1.3749992754875,165.02409362793
-76.9249984641825,1.3749992754875,171.645050048828
-76.8749984634375,1.3749992754875,
-76.8249984626925,1.3749992754875,166.127059936523
-76.7749984619475,1.3749992754875,166.411499023438
-76.7249984612025,1.3749992754875,168.386047363281
-76.6749984604575,1.3749992754875,168.369430541992
-76.6249984597125,1.3749992754875,
-76.5749984589675,1.3749992754875,174.425918579102
-77.9249984790825,1.3249992747425,198.118499755859
-77.8749984783375,1.3249992747425,
-77.8249984775925,1.3249992747425,167.047698974609
-77.7749984768475,1.3249992747425,162.274322509766
-77.7249984761025,1.3249992747425,
-77.6749984753575,1.3249992747425,146.342224121094
-77.6249984746125,1.3249992747425,148.725189208984
-77.5749984738675,1.3249992747425,136.003158569336
-77.5249984731225,1.3249992747425,133.253509521484
-77.4749984723775,1.3249992747425,138.605590820312
-77.4249984716325,1.3249992747425,
-77.3749984708875,1.3249992747425,139.185791015625
-77.3249984701425,1.3249992747425,135.132202148438
-77.2749984693975,1.3249992747425,
-77.2249984686525,1.3249992747425,138.519454956055
-77.1749984679075,1.3249992747425,136.719345092773
-77.1249984671625,1.3249992747425,144.769729614258
-77.0749984664175,1.3249992747425,149.055633544922
-77.0249984656725,1.3249992747425,152.669250488281
-76.9749984649275,1.3249992747425,
-76.9249984641825,1.3249992747425,154.552703857422
-76.8749984634375,1.3249992747425,153.047119140625
-76.8249984626925,1.3249992747425,
-76.7749984619475,1.3249992747425,165.190185546875
-76.7249984612025,1.3249992747425,174.891525268555
-76.6749984604575,1.3249992747425,173.282531738281
-76.6249984597125,1.3249992747425,
-76.5749984589675,1.3249992747425,183.754669189453
-77.9249984790825,1.2749992739975,173.426071166992
-77.8749984783375,1.2749992739975,
-77.8249984775925,1.2749992739975,159.133880615234
-77.7749984768475,1.2749992739975,157.989318847656
-77.7249984761025,1.2749992739975,158.317825317383
-77.6749984753575,1.2749992739975,
-77.6249984746125,1.2749992739975,144.087615966797
-77.5749984738675,1.2749992739975,141.584014892578
-77.5249984731225,1.2749992739975,137.784149169922
-77.4749984723775,1.2749992739975,
-77.4249984716325,1.2749992739975,146.831314086914
-77.3749984708875,1.2749992739975,136.12809753418
-77.3249984701425,1.2749992739975,
-77.2749984693975,1.2749992739975,110.116271972656
-77.2249984686525,1.2749992739975,
-77.1749984679075,1.2749992739975,111.632293701172
-77.1249984671625,1.2749992739975,122.937347412109
-77.0749984664175,1.2749992739975,131.382019042969
-77.0249984656725,1.2749992739975,
-76.9749984649275,1.2749992739975,147.527816772461
-76.9249984641825,1.2749992739975,142.873825073242
-76.8749984634375,1.2749992739975,143.995971679688
-76.8249984626925,1.2749992739975,150.995086669922
-76.7749984619475,1.2749992739975,
-76.7249984612025,1.2749992739975,174.636627197266
-76.6749984604575,1.2749992739975,172.736465454102
-76.6249984597125,1.2749992739975,185.63037109375
-76.5749984589675,1.2749992739975,
-77.9249984790825,1.2249992732525,197.316299438477
-77.8749984783375,1.2249992732525,174.214370727539
-77.8249984775925,1.2249992732525,162.909805297852
-77.7749984768475,1.2249992732525,163.154602050781
-77.7249984761025,1.2249992732525,
-77.6749984753575,1.2249992732525,159.21125793457
-77.6249984746125,1.2249992732525,158.648956298828
-77.5749984738675,1.2249992732525,149.431091308594
-77.5249984731225,1.2249992732525,148.081359863281
-77.4749984723775,1.2249992732525,
-77.4249984716325,1.2249992732525,150.088470458984
-77.3749984708875,1.2249992732525,141.745712280273
-77.3249984701425,1.2249992732525,136.209838867188
-77.2749984693975,1.2249992732525,116.055206298828
-77.2249984686525,1.2249992732525,
-77.1749984679075,1.2249992732525,
-77.1249984671625,1.2249992732525,134.016906738281
-77.0749984664175,1.2249992732525,140.852905273438
-77.0249984656725,1.2249992732525,157.379837036133
-76.9749984649275,1.2249992732525,151.260177612305
-76.9249984641825,1.2249992732525,150.975204467773
-76.8749984634375,1.2249992732525,158.109344482422
-76.8249984626925,1.2249992732525,162.822357177734
-76.7749984619475,1.2249992732525,178.216094970703
-76.7249984612025,1.2249992732525,177.540603637695
-76.6749984604575,1.2249992732525,188.864822387695
-76.6249984597125,1.2249992732525,202.288024902344
-76.5749984589675,1.2249992732525,225.458892822266
-77.9249984790825,1.1749992725075,
-77.8749984783375,1.1749992725075,170.840377807617
-77.8249984775925,1.1749992725075,157.885803222656
-77.7749984768475,1.1749992725075,160.667724609375
-77.7249984761025,1.1749992725075,172.376693725586
-77.6749984753575,1.1749992725075,156.665557861328
-77.6249984746125,1.1749992725075,156.729888916016
-77.5749984738675,1.1749992725075,142.896667480469
-77.5249984731225,1.1749992725075,136.225921630859
-77.4749984723775,1.1749992725075,136.820495605469
-77.4249984716325,1.1749992725075,
-77.3749984708875,1.1749992725075,127.096412658691
-77.3249984701425,1.1749992725075,122.271286010742
-77.2749984693975,1.1749992725075,120.731666564941
-77.2249984686525,1.1749992725075,
-77.1749984679075,1.1749992725075,117.893180847168
-77.1249984671625,1.1749992725075,124.736541748047
-77.0749984664175,1.1749992725075,136.57421875
-77.0249984656725,1.1749992725075,143.859817504883
-76.9749984649275,1.1749992725075,141.788787841797
-76.9249984641825,1.1749992725075,148.063934326172
-76.8749984634375,1.1749992725075,153.743850708008
-76.8249984626925,1.1749992725075,
-76.7749984619475,1.1749992725075,170.846130371094
-76.7249984612025,1.1749992725075,179.755126953125
-76.6749984604575,1.1749992725075,
-76.6249984597125,1.1749992725075,207.442855834961
-76.5749984589675,1.1749992725075,226.40754699707
-77.9249984790825,1.1249992717625,159.967468261719
-77.8749984783375,1.1249992717625,150.832794189453
-77.8249984775925,1.1249992717625,147.707626342773
-77.7749984768475,1.1249992717625,150.429977416992
-77.7249984761025,1.1249992717625,
-77.6749984753575,1.1249992717625,138.365020751953
-77.6249984746125,1.1249992717625,140.714874267578
-77.5749984738675,1.1249992717625,127.268051147461
-77.5249984731225,1.1249992717625,126.592514038086
-77.4749984723775,1.1249992717625,
-77.4249984716325,1.1249992717625,118.140495300293
-77.3749984708875,1.1249992717625,113.136474609375
-77.3249984701425,1.1249992717625,117.983459472656
-77.2749984693975,1.1249992717625,115.908988952637
-77.2249984686525,1.1249992717625,114.397201538086
-77.1749984679075,1.1249992717625,120.176696777344
-77.1249984671625,1.1249992717625,125.120231628418
-77.0749984664175,1.1249992717625,129.249496459961
-77.0249984656725,1.1249992717625,
-76.9749984649275,1.1249992717625,142.691558837891
-76.9249984641825,1.1249992717625,152.975646972656
-76.8749984634375,1.1249992717625,156.990509033203
-76.8249984626925,1.1249992717625,
-76.7749984619475,1.1249992717625,176.634140014648
-76.7249984612025,1.1249992717625,191.024261474609
-76.6749984604575,1.1249992717625,205.408325195312
-76.6249984597125,1.1249992717625,224.350479125977
-76.5749984589675,1.1249992717625,
-77.9249984790825,1.0749992710175,152.622634887695
-77.8749984783375,1.0749992710175,147.761199951172
-77.8249984775925,1.0749992710175,134.557647705078
-77.7749984768475,1.0749992710175,
-77.7249984761025,1.0749992710175,132.952819824219
-77.6749984753575,1.0749992710175,117.607604980469
-77.6249984746125,1.0749992710175,119.224769592285
-77.5749984738675,1.0749992710175,114.101531982422
-77.5249984731225,1.0749992710175,
-77.4749984723775,1.0749992710175,107.7109375
-77.4249984716325,1.0749992710175,106.776786804199
-77.3749984708875,1.0749992710175,107.007797241211
-77.3249984701425,1.0749992710175,110.094612121582
-77.2749984693975,1.0749992710175,
-77.2249984686525,1.0749992710175,120.360565185547
-77.1749984679075,1.0749992710175,131.747589111328
-77.1249984671625,1.0749992710175,132.923141479492
-77.0749984664175,1.0749992710175,141.639923095703
-77.0249984656725,1.0749992710175,
-76.9749984649275,1.0749992710175,147.467987060547
-76.9249984641825,1.0749992710175,158.092254638672
-76.8749984634375,1.0749992710175,166.386749267578
-76.8249984626925,1.0749992710175,175.286987304688
-76.7749984619475,1.0749992710175,
-76.7249984612025,1.0749992710175,214.049163818359
-76.6749984604575,1.0749992710175,228.549987792969
-76.6249984597125,1.0749992710175,259.503723144531
-76.5749984589675,1.0749992710175,
-77.9249984790825,1.0249992702725,150.667846679688
-77.8749984783375,1.0249992702725,
-77.8249984775925,1.0249992702725,131.116485595703
-77.7749984768475,1.0249992702725,128.953796386719
-77.7249984761025,1.0249992702725,121.946929931641
-77.6749984753575,1.0249992702725,109.461853027344
-77.6249984746125,1.0249992702725,111.113304138184
-77.5749984738675,1.0249992702725,108.6875
-77.5249984731225,1.0249992702725,107.368049621582
-77.4749984723775,1.0249992702725,100.812545776367
-77.4249984716325,1.0249992702725,102.089248657227
-77.3749984708875,1.0249992702725,101.36799621582
-77.3249984701425,1.0249992702725,110.188171386719
-77.2749984693975,1.0249992702725,
-77.2249984686525,1.0249992702725,119.883193969727
-77.1749984679075,1.0249992702725,134.587829589844
-77.1249984671625,1.0249992702725,135.573623657227
-77.0749984664175,1.0249992702725,
-77.0249984656725,1.0249992702725,154.379913330078
-76.9749984649275,1.0249992702725,
-76.9249984641825,1.0249992702725,157.379821777344
-76.8749984634375,1.0249992702725,166.595306396484
-76.8249984626925,1.0249992702725,177.323883056641
-76.7749984619475,1.0249992702725,196.063171386719
-76.7249984612025,1.0249992702725,218.46533203125
-76.6749984604575,1.0249992702725,232.082458496094
-76.6249984597125,1.0249992702725,264.784637451172
-76.5749984589675,1.0249992702725,305.121124267578
-77.9249984790825,0.974999269527499,161.845855712891
-77.8749984783375,0.974999269527499,
-77.8249984775925,0.974999269527499,142.800994873047
-77.7749984768475,0.974999269527499,130.352966308594
-77.7249984761025,0.974999269527499,
-77.6749984753575,0.974999269527499,110.845886230469
-77.6249984746125,0.974999269527499,119.799766540527
-77.5749984738675,0.974999269527499,
-77.5249984731225,0.974999269527499,112.432228088379
-77.4749984723775,0.974999269527499,109.129669189453
-77.4249984716325,0.974999269527499,117.226547241211
-77.3749984708875,0.974999269527499,121.137725830078
-77.3249984701425,0.974999269527499,125.305244445801
-77.2749984693975,0.974999269527499,
-77.2249984686525,0.974999269527499,134.892929077148
-77.1749984679075,0.974999269527499,150.835662841797
-77.1249984671625,0.974999269527499,
-77.0749984664175,0.974999269527499,167.082168579102
-77.0249984656725,0.974999269527499,184.740142822266
-76.9749984649275,0.974999269527499,
-76.9249984641825,0.974999269527499,
-76.8749984634375,0.974999269527499,184.675140380859
-76.8249984626925,0.974999269527499,191.666473388672
-76.7749984619475,0.974999269527499,217.858535766602
-76.7249984612025,0.974999269527499,220.68017578125
-76.6749984604575,0.974999269527499,229.757949829102
-76.6249984597125,0.974999269527499,267.487762451172
-76.5749984589675,0.974999269527499,293.118927001953
-77.9249984790825,0.924999268782499,
-77.8749984783375,0.924999268782499,131.138610839844
-77.8249984775925,0.924999268782499,118.48844909668
-77.7749984768475,0.924999268782499,107.501686096191
-77.7249984761025,0.924999268782499,
-77.6749984753575,0.924999268782499,94.4806060791016
-77.6249984746125,0.924999268782499,96.8446426391602
-77.5749984738675,0.924999268782499,99.7729034423828
-77.5249984731225,0.924999268782499,
-77.4749984723775,0.924999268782499,103.799835205078
-77.4249984716325,0.924999268782499,
-77.3749984708875,0.924999268782499,119.475639343262
-77.3249984701425,0.924999268782499,131.726501464844
-77.2749984693975,0.924999268782499,138.794677734375
-77.2249984686525,0.924999268782499,137.748199462891
-77.1749984679075,0.924999268782499,153.936767578125
-77.1249984671625,0.924999268782499,156.663482666016
-77.0749984664175,0.924999268782499,175.881637573242
-77.0249984656725,0.924999268782499,195.568328857422
-76.9749984649275,0.924999268782499,
-76.9249984641825,0.924999268782499,183.587463378906
-76.8749984634375,0.924999268782499,
-76.8249984626925,0.924999268782499,226.780700683594
-76.7749984619475,0.924999268782499,251.972717285156
-76.7249984612025,0.924999268782499,
-76.6749984604575,0.924999268782499,255.802978515625
-76.6249984597125,0.924999268782499,297.978820800781
-76.5749984589675,0.924999268782499,
-77.9249984790825,0.874999268037499,129.833999633789
-77.8749984783375,0.874999268037499,123.47509765625
-77.8249984775925,0.874999268037499,110.245101928711
-77.7749984768475,0.874999268037499,100.216293334961
-77.7249984761025,0.874999268037499,100.302856445312
-77.6749984753575,0.874999268037499,87.4387512207031
-77.6249984746125,0.874999268037499,85.66552734375
-77.5749984738675,0.874999268037499,87.6220626831055
-77.5249984731225,0.874999268037499,
-77.4749984723775,0.874999268037499,104.483306884766
-77.4249984716325,0.874999268037499,112.884552001953
-77.3749984708875,0.874999268037499,
-77.3249984701425,0.874999268037499,130.115478515625
-77.2749984693975,0.874999268037499,
-77.2249984686525,0.874999268037499,140.381683349609
-77.1749984679075,0.874999268037499,154.332702636719
-77.1249984671625,0.874999268037499,160.658218383789
-77.0749984664175,0.874999268037499,
-77.0249984656725,0.874999268037499,193.970642089844
-76.9749984649275,0.874999268037499,172.027282714844
-76.9249984641825,0.874999268037499,191.738403320312
-76.8749984634375,0.874999268037499,
-76.8249984626925,0.874999268037499,235.631484985352
-76.7749984619475,0.874999268037499,261.473358154297
-76.7249984612025,0.874999268037499,
-76.6749984604575,0.874999268037499,271.731018066406
-76.6249984597125,0.874999268037499,
-76.5749984589675,0.874999268037499,331.109008789062
-77.9249984790825,0.824999267292499,108.93115234375
-77.8749984783375,0.824999267292499,
-77.8249984775925,0.824999267292499,100.378059387207
-77.7749984768475,0.824999267292499,93.1041641235352
-77.7249984761025,0.824999267292499,
-77.6749984753575,0.824999267292499,85.2614822387695
-77.6249984746125,0.824999267292499,82.2902450561523
-77.5749984738675,0.824999267292499,82.0381088256836
-77.5249984731225,0.824999267292499,93.8579177856445
-77.4749984723775,0.824999267292499,105.299903869629
-77.4249984716325,0.824999267292499,
-77.3749984708875,0.824999267292499,131.423553466797
-77.3249984701425,0.824999267292499,136.493438720703
-77.2749984693975,0.824999267292499,
-77.2249984686525,0.824999267292499,150.463195800781
-77.1749984679075,0.824999267292499,167.859298706055
-77.1249984671625,0.824999267292499,175.440002441406
-77.0749984664175,0.824999267292499,203.35954284668
-77.0249984656725,0.824999267292499,
-76.9749984649275,0.824999267292499,197.523651123047
-76.9249984641825,0.824999267292499,213.896438598633
-76.8749984634375,0.824999267292499,
-76.8249984626925,0.824999267292499,264.767761230469
-76.7749984619475,0.824999267292499,289.859832763672
-76.7249984612025,0.824999267292499,
-76.6749984604575,0.824999267292499,303.866851806641
-76.6249984597125,0.824999267292499,328.752868652344
-76.5749984589675,0.824999267292499,336.74169921875
-77.9249984790825,0.774999266547499,
-77.8749984783375,0.774999266547499,93.166259765625
-77.8249984775925,0.774999266547499,93.8260650634766
-77.7749984768475,0.774999266547499,93.1015625
-77.7249984761025,0.774999266547499,
-77.6749984753575,0.774999266547499,93.7684173583984
-77.6249984746125,0.774999266547499,92.5857086181641
-77.5749984738675,0.774999266547499,
-77.5249984731225,0.774999266547499,104.356430053711
-77.4749984723775,0.774999266547499,109.671981811523
-77.4249984716325,0.774999266547499,123.842620849609
-77.3749984708875,0.774999266547499,137.725891113281
-77.3249984701425,0.774999266547499,
-77.2749984693975,0.774999266547499,160.598937988281
-77.2249984686525,0.774999266547499,167.705413818359
-77.1749984679075,0.774999266547499,189.000549316406
-77.1249984671625,0.774999266547499,
-77.0749984664175,0.774999266547499,217.39404296875
-77.0249984656725,0.774999266547499,244.469268798828
-76.9749984649275,0.774999266547499,
-76.9249984641825,0.774999266547499,238.489151000977
-76.8749984634375,0.774999266547499,273.904632568359
-76.8249984626925,0.774999266547499,
-76.7749984619475,0.774999266547499,317.725158691406
-76.7249984612025,0.774999266547499,312.361267089844
-76.6749984604575,0.774999266547499,
-76.6249984597125,0.774999266547499,343.521453857422
-76.5749984589675,0.774999266547499,365.3779296875
-77.9249984790825,0.724999265802499,100.535346984863
-77.8749984783375,0.724999265802499,
-77.8249984775925,0.724999265802499,99.9763641357422
-77.7749984768475,0.724999265802499,98.558723449707
-77.7249984761025,0.724999265802499,108.872718811035
-77.6749984753575,0.724999265802499,
-77.6249984746125,0.724999265802499,114.073844909668
-77.5749984738675,0.724999265802499,112.73657989502
-77.5249984731225,0.724999265802499,121.010406494141
-77.4749984723775,0.724999265802499,
-77.4249984716325,0.724999265802499,136.21598815918
-77.3749984708875,0.724999265802499,150.242736816406
-77.3249984701425,0.724999265802499,158.970611572266
-77.2749984693975,0.724999265802499,
-77.2249984686525,0.724999265802499,178.286041259766
-77.1749984679075,0.724999265802499,204.178237915039
-77.1249984671625,0.724999265802499,
-77.0749984664175,0.724999265802499,232.873840332031
-77.0249984656725,0.724999265802499,257.483917236328
-76.9749984649275,0.724999265802499,222.595657348633
-76.9249984641825,0.724999265802499,
-76.8749984634375,0.724999265802499,297.622772216797
-76.8249984626925,0.724999265802499,314.950561523438
-76.7749984619475,0.724999265802499,
-76.7249984612025,0.724999265802499,307.827819824219
-76.6749984604575,0.724999265802499,320.522918701172
-76.6249984597125,0.724999265802499,339.725433349609
-76.5749984589675,0.724999265802499,
-77.9249984790825,0.674999265057499,91.2242279052734
-77.8749984783375,0.674999265057499,90.2929077148438
-77.8249984775925,0.674999265057499,
-77.7749984768475,0.674999265057499,83.0284423828125
-77.7249984761025,0.674999265057499,94.616455078125
-77.6749984753575,0.674999265057499,100.293296813965
-77.6249984746125,0.674999265057499,
-77.5749984738675,0.674999265057499,125.036247253418
-77.5249984731225,0.674999265057499,132.543853759766
-77.4749984723775,0.674999265057499,
-77.4249984716325,0.674999265057499,141.435562133789
-77.3749984708875,0.674999265057499,159.585296630859
-77.3249984701425,0.674999265057499,169.814605712891
-77.2749984693975,0.674999265057499,195.237365722656
-77.2249984686525,0.674999265057499,
-77.1749984679075,0.674999265057499,220.880767822266
-77.1249984671625,0.674999265057499,225.836395263672
-77.0749984664175,0.674999265057499,248.660614013672
-77.0249984656725,0.674999265057499,283.028198242188
-76.9749984649275,0.674999265057499,
-76.9249984641825,0.674999265057499,284.010437011719
-76.8749984634375,0.674999265057499,319.885955810547
-76.8249984626925,0.674999265057499,339.286651611328
-76.7749984619475,0.674999265057499,
-76.7249984612025,0.674999265057499,316.979339599609
-76.6749984604575,0.674999265057499,
-76.6249984597125,0.674999265057499,
-76.5749984589675,0.674999265057499,346.461822509766
